Designator,Footprint,Quantity,Manufacturer part number,LCSC Part #
BAT,JST_PH_B2B-PH-K_1x02_P2.00mm_Vertical,1,BAT,
"C1, C20, C3, C4, C5, C6",603,6,1uF,
"C10, C12, C13, C14, C15, C16, C8, C9",603,8,100nF,
"C17, C23, C24",603,3,10uF,
"C18, C19",603,2,2.2uF,
C2,603,1,10nF,
"C21, C22",603,2,0.1uF,
"C25, C26",603,2,9pF,
"D1, D2",603,2,LED,
IC1,UFQFPN-48_STM,1,STM32H533CEU6,
IC2,VL53L8CHV0GC1,1,VL53L8CHV0GC_1,
J3,PinHeader_1x05_P2.54mm_Vertical,1,STLINK,
J4,USB_C_Receptacle_HCTL_HC-TYPE-C-16P-01A,1,USB_C_Receptacle_USB2.0_16P,
J5,PinHeader_1x04_P2.54mm_Vertical,1,UART,
R1,603,1,12K,
"R10, R14, R15, R16, R8, R9",603,6,47K,
"R11, R6",603,2,10K,
"R12, R13",603,2,5K1,
R17_2,603,1,7K5,
R17,603,1,7500R,
R2,603,1,3K3,
R3,603,1,1K,
R4,603,1,470R,
"R5, R7",603,2,220R,
"SW1, SW2",SW_SPST_TS-1088-xR025,2,SW_Push,
U1,DFN_SPU33R_STM,1,ST1L08SPU33R,
U2,VFQFPN-16_STM,1,L6924D013TR,
U3,SOT-223-3_TabPin2,1,LD1117V18,
U4,TSSOP20_4P4X6P5_STM,1,ST2378ETTR,
Y1,Crystal_SMD_3215-2Pin_3.2x1.5mm,1,32KHz,
Y2,XTAL_ABM8-24.000MHZ-D2Y-T,1,24MHz,