"Id";"Designator";"Footprint";"Quantity";"Designation";"Supplier and ref";
1;"BAT";"JST_PH_B2B-PH-K_1x02_P2.00mm_Vertical";1;"BAT";;;
2;"C1, C3, C4, C5, C6, C20";"C_0603_1608Metric";6;"1uF";;;
3;"C2";"C_0603_1608Metric";1;"10nF";;;
4;"C8, C9, C10, C12, C13, C14, C15, C16";"C_0603_1608Metric";8;"100nF";;;
5;"C17, C23, C24";"C_0603_1608Metric";3;"10uF";;;
6;"C18, C19";"C_0603_1608Metric";2;"2.2uF";;;
7;"C21, C22";"C_0603_1608Metric";2;"0.1uF";;;
8;"C25, C26";"C_0603_1608Metric";2;"9pF";;;
9;"D1, D2";"LED_0603_1608Metric";2;"LED";;;
10;"IC1";"UFQFPN-48_STM";1;"STM32H533CEU6";;;
11;"IC2";"VL53L8CHV0GC1";1;"VL53L8CHV0GC_1";;;
12;"J3";"PinHeader_1x05_P2.54mm_Vertical";1;"STLINK";;;
13;"J4";"USB_C_Receptacle_HCTL_HC-TYPE-C-16P-01A";1;"USB_C_Receptacle_USB2.0_16P";;;
14;"J5";"PinHeader_1x04_P2.54mm_Vertical";1;"UART";;;
15;"R1";"R_0603_1608Metric";1;"12K";;;
16;"R2";"R_0603_1608Metric";1;"3K3";;;
17;"R3";"R_0603_1608Metric";1;"1K";;;
18;"R4";"R_0603_1608Metric";1;"470R";;;
19;"R5, R7";"R_0603_1608Metric";2;"220R";;;
20;"R6, R11";"R_0603_1608Metric";2;"10K";;;
21;"R8, R9, R10, R14, R15, R16";"R_0603_1608Metric";6;"47K";;;
22;"R12, R13";"R_0603_1608Metric";2;"5K1";;;
23;"R17";"R_0603_1608Metric";1;"7K5";;;
24;"R17";"R_0603_1608Metric";1;"7500R";;;
25;"SW1, SW2";"SW_SPST_TS-1088-xR025";2;"SW_Push";;;
26;"U1";"DFN_SPU33R_STM";1;"ST1L08SPU33R";;;
27;"U2";"VFQFPN-16_STM";1;"L6924D013TR";;;
28;"U3";"SOT-223-3_TabPin2";1;"LD1117V18";;;
29;"U4";"TSSOP20_4P4X6P5_STM";1;"ST2378ETTR";;;
30;"Y1";"Crystal_SMD_3215-2Pin_3.2x1.5mm";1;"32KHz";;;
31;"Y2";"XTAL_ABM8-24.000MHZ-D2Y-T";1;"24MHz";;;
