Designator,Mid X,Mid Y,Rotation,Layer
C1,148.668,-76.585,0.0,top
C12,163.966,-76.227,270.0,top
C13,133.0,-97.225,90.0,top
C14,134.5,-97.308,90.0,top
C15,136.75,-88.167,90.0,top
C16,139.618,-73.064,90.0,top
C17,140.382,-84.656,90.0,top
C18,151.0,-91.0,90.0,top
C19,162.132,-87.998,0.0,top
C2,145.5,-70.5,180.0,top
C20,144.5,-97.0,180.0,top
C21,141.972,-84.664,270.0,top
C22,148.5,-97.0,0.0,top
C23,154.436,-81.812,90.0,top
C24,157.913,-79.451,180.0,top
C25,160.884,-79.26,90.0,top
C26,163.387,-79.258,90.0,top
C27,160.404,-93.605,0.0,top
C28,162.132,-86.473,0.0,top
C29,152.319,-94.002,0.0,top
C3,138.065,-73.066,90.0,top
C30,150.32,-83.89,180.0,top
C4,150.959,-78.812,90.0,top
C5,145.425,-81.815,180.0,top
C6,148.661,-78.106,0.0,top
D1,148.5,-73.6375,0.0,top
D2,148.5375,-71.9732,0.0,top
IC1,156.25,-88.3,270.0,top
IC2,136.5,-93.0,0.0,top
J2,133.789,-72.91,90.0,top
J3,167.0,-85.0,0.0,top
J4,157.5,-72.701,180.0,top
J5,155.81,-96.577,270.0,top
R1,145.4732,-77.5,90.0,top
R10,137.5,-97.233,90.0,top
R11,167.247,-76.814,180.0,top
R12,163.954,-73.188,270.0,top
R13,153.847,-79.408,0.0,top
R14,140.0,-88.133,270.0,top
R15,138.5,-88.133,270.0,top
R16,135.25,-88.133,90.0,top
R17,141.152,-73.081,270.0,top
R2,143.9732,-77.575,270.0,top
R3,139.474,-70.507,0.0,top
R4,142.5,-70.5,180.0,top
R5,148.5,-70.5,0.0,top
R6,162.133,-89.533,180.0,top
R7,151.0,-74.0,270.0,top
R8,139.0,-97.233,90.0,top
R9,140.5,-97.233,270.0,top
SW1,167.0,-73.0,270.0,top
SW2,167.0,-95.5,90.0,top
U1,149.8902,-81.725063,0.0,top
U2,144.5,-73.5,180.0,top
U3,135.9645,-80.963,90.0,top
U4,146.5,-92.0,270.0,top
Y1,162.12,-82.006,180.0,top
Y2,157.344,-82.038,180.0,top
